{
    "train_loss": [
        4.606852546334267,
        4.362339928068898,
        4.1549825810573315,
        4.0152186138386075,
        3.882436528801918,
        3.767702118578282,
        3.659396144815467,
        3.5618621967732906,
        3.48631430755962,
        3.4076283892447297,
        3.339797790754925,
        3.2727920186113226,
        3.2164967259900137,
        3.1725166199559514,
        3.1206033656542953,
        3.0705143568867985,
        3.0228866883976893,
        2.9855995052917437,
        2.941795135086233,
        2.898000164126808,
        2.8635182058946653,
        2.8216379071501168,
        2.785351961512457,
        2.7483390752564776,
        2.710337359119545,
        2.674584540792487,
        2.6452260339124636,
        2.6152790429239925,
        2.573026452890851,
        2.550736113536087,
        2.514513820579106,
        2.484978949143128,
        2.4571193297478287,
        2.425692028112032,
        2.395456972955303,
        2.363513492725112,
        2.340712558647448,
        2.3131588878618046,
        2.287690732120113,
        2.2563284762542355
    ],
    "train_accuracy": [
        2.04,
        4.4111111111111105,
        6.682222222222222,
        8.517777777777779,
        10.237777777777778,
        12.324444444444445,
        13.973333333333333,
        15.702222222222224,
        17.006666666666668,
        18.386666666666667,
        19.48,
        20.72222222222222,
        21.85111111111111,
        22.62,
        23.637777777777778,
        24.36,
        25.42888888888889,
        26.04222222222222,
        26.608888888888888,
        27.653333333333336,
        28.17777777777778,
        29.29555555555556,
        29.90888888888889,
        30.573333333333334,
        31.244444444444447,
        32.06,
        32.62,
        33.53333333333333,
        34.342222222222226,
        34.46,
        35.233333333333334,
        36.15333333333333,
        36.46888888888889,
        37.193333333333335,
        37.60444444444445,
        38.67777777777778,
        39.06444444444445,
        39.635555555555555,
        40.03777777777778,
        40.71111111111111
    ],
    "val_loss": [
        4.323524674282798,
        4.107855371282071,
        3.930231637592557,
        3.8018636975107314,
        3.673431915572927,
        3.5437277932710285,
        3.4395020128805425,
        3.377378961707972,
        3.290829027755351,
        3.2384997742085515,
        3.1892920807947087,
        3.1238290116756775,
        3.096660212625431,
        3.011933879007267,
        2.9952959712547593,
        2.9664877819109567,
        2.891346270525003,
        2.8781063103977638,
        2.849702572520775,
        2.831438496143003,
        2.812131127224693,
        2.7805417097067533,
        2.755638659754886,
        2.701324981979177,
        2.7037876135186303,
        2.6879357506957233,
        2.7259099694746958,
        2.7123945076254348,
        2.6391130731075623,
        2.5289936110943176,
        2.595391674886776,
        2.5599828626536114,
        2.542734201950363,
        2.6028178643576707,
        2.5740710059298744,
        2.447779328008241,
        2.4883408033395114,
        2.462494134902954,
        2.421951677225813,
        2.443791146519818
    ],
    "val_accuracy": [
        6.800000000000001,
        8.1,
        10.059999999999999,
        12.68,
        15.36,
        16.64,
        18.62,
        18.82,
        20.28,
        21.2,
        22.36,
        23.0,
        24.48,
        25.5,
        25.679999999999996,
        26.44,
        28.139999999999997,
        27.839999999999996,
        28.62,
        29.42,
        30.099999999999998,
        30.2,
        30.56,
        31.619999999999997,
        31.5,
        33.0,
        31.34,
        32.18,
        33.7,
        34.52,
        34.52,
        34.94,
        35.38,
        34.64,
        35.14,
        37.9,
        36.68,
        37.12,
        37.940000000000005,
        37.480000000000004
    ]
}